Town,StreetName,TrashDay,Notes
MIDDLETOWN,ACACIA DR,Tuesday,
MIDDLETOWN,ADELAIDE AV,Tuesday,
MIDDLETOWN,ADMIRAL CT,Tuesday,
MIDDLETOWN,ALGONQUIN DR,Wednesday,
MIDDLETOWN,ALLSTON AV,Thursday,
MIDDLETOWN,AMESBURY CIR,Wednesday,
MIDDLETOWN,ANN CT,Monday,
MIDDLETOWN,AQUIDNECK AV,CUSTOM,Green End Ave to E Main Rd (Monday) Green End Ave to Purgatory Rd (Thursday)
MIDDLETOWN,AQUIDNECK DR,Monday,
MIDDLETOWN,ARRUDA TERR,Wednesday,
MIDDLETOWN,ASHURST AV,Thursday,
MIDDLETOWN,ASPINET RD,Wednesday,
MIDDLETOWN,ATLANTIC DR,Monday,
MIDDLETOWN,BAILEY AV,Friday,
MIDDLETOWN,BAILEY TERR,Tuesday,
MIDDLETOWN,BALDWIN RD,Friday,
MIDDLETOWN,BALSAM AV,Tuesday,
MIDDLETOWN,BARTLETT RD,Friday,
MIDDLETOWN,BARTON LN,Wednesday,
MIDDLETOWN,BAY RIDGE DR,Monday,
MIDDLETOWN,BAYVIEW PK,Tuesday,
MIDDLETOWN,BAYBERRY LN,Friday,
MIDDLETOWN,BEACH RD,Friday,
MIDDLETOWN,BEACHVIEW TERR,Thursday,
MIDDLETOWN,BEACON CT,Tuesday,
MIDDLETOWN,BEACON ST,Tuesday,
MIDDLETOWN,BEACON TERR,Tuesday,
MIDDLETOWN,BEACON TERR N,Tuesday,
MIDDLETOWN,BEAGLE DR,Friday,
MIDDLETOWN,BEECHLAND PL,Tuesday,
MIDDLETOWN,BERKELEY AV,Friday,
MIDDLETOWN,BERKELEY CT,Friday,
MIDDLETOWN,BLISS MINE RD,Tuesday,
MIDDLETOWN,BLISS RD,Tuesday,
MIDDLETOWN,BLOOM CT,Monday,
MIDDLETOWN,BLUE GRASS DR,Monday,
MIDDLETOWN,BOULEVARD,Tuesday,
MIDDLETOWN,BOULEVARD E,Tuesday,
MIDDLETOWN,BOULEVARD TERR,Tuesday,
MIDDLETOWN,BRIARWOOD AV,Thursday,
MIDDLETOWN,BRISTOL RD,Monday,
MIDDLETOWN,BROOKDALE RD,Monday,
MIDDLETOWN,BROWN'S LN,Wednesday,
MIDDLETOWN,BUCK RD,Monday,
MIDDLETOWN,BUENA VISTA ST,Friday,
MIDDLETOWN,BURTON PL,Wednesday,
MIDDLETOWN,BUSHER DR,Wednesday,
MIDDLETOWN,CARDOZA TERR,Friday,
MIDDLETOWN,CARRIAGE TRL,Monday,
MIDDLETOWN,CASEY DR,Wednesday,
MIDDLETOWN,CEDAR AV,Friday,
MIDDLETOWN,CENTER AV,Thursday,
MIDDLETOWN,CHAMPLIN TERR,Monday,
MIDDLETOWN,CHASES LN,Wednesday,
MIDDLETOWN,CHESTNUT HILL RD,Monday,
MIDDLETOWN,CHRISTINE RD,Wednesday,
MIDDLETOWN,CIRCLE DR,Monday,
MIDDLETOWN,CLAYTON ST,Tuesday,
MIDDLETOWN,CODDINGTON HWY,Tuesday,
MIDDLETOWN,COGGESHALL CIR,Wednesday,
MIDDLETOWN,COGGESHALL WY,Wednesday,
MIDDLETOWN,COLLINS TERR,Tuesday,
MIDDLETOWN,COLONY DR,Wednesday,
MIDDLETOWN,COLUMBIA RD,Monday,
MIDDLETOWN,COMMERCE DR,Wednesday,
MIDDLETOWN,COMPTON VIEW DR,Thursday,
MIDDLETOWN,CONCORD DR,Monday,
MIDDLETOWN,CONNECTICUT AV,Tuesday,
MIDDLETOWN,CONTINENTAL DR,Monday,
MIDDLETOWN,CORDEIRO TERR,Friday,
MIDDLETOWN,COREY LN,Friday,
MIDDLETOWN,CORNELIUS DR,Friday,
MIDDLETOWN,CORPORATE PL,Wednesday,
MIDDLETOWN,COWS PATH,Wednesday,
MIDDLETOWN,CRESCENT RD,Thursday,
MIDDLETOWN,CREST ST,Thursday,
MIDDLETOWN,S CREST ST,Thursday,
MIDDLETOWN,DEBBIE RD,Wednesday,
MIDDLETOWN,DEXTER ST,Tuesday,
MIDDLETOWN,DONALD DR,Wednesday,
MIDDLETOWN,DRAPER AV,Thursday,
MIDDLETOWN,DUDLEY AV N,Tuesday,
MIDDLETOWN,DUDLEY AV S,Tuesday,
MIDDLETOWN,E MAIN RD,Monday,
MIDDLETOWN,EASTON TERR,Thursday,
MIDDLETOWN,EASTON WY,Thursday,
MIDDLETOWN,ELIZABETH LN,Friday,
MIDDLETOWN,ELLEN RD,Monday,
MIDDLETOWN,ELLERY AV,Thursday,
MIDDLETOWN,ELMWOOD AV,Tuesday,
MIDDLETOWN,ESPLANADE ST,Thursday,
MIDDLETOWN,EVELIN CIR,Wednesday,
MIDDLETOWN,EVERETT ST,Tuesday,
MIDDLETOWN,EVERGREEN AV,Tuesday,
MIDDLETOWN,FAGAN CT,Monday,
MIDDLETOWN,FAIRVIEW AV,Tuesday,
MIDDLETOWN,FAIRWAY DR,Wednesday,
MIDDLETOWN,FARNUM TERR,Tuesday,
MIDDLETOWN,FAYAL LN,Friday,
MIDDLETOWN,FENNER AV,Tuesday,
MIDDLETOWN,FENNER AV N,Tuesday,
MIDDLETOWN,FOREST AV,Monday,
MIDDLETOWN,FRANCISCO DR,Monday,
MIDDLETOWN,FREEBORN ST,Tuesday,
MIDDLETOWN,FRIENDS DR,Tuesday,
MIDDLETOWN,GAE ST,Monday,
MIDDLETOWN,GIBSON PARK PL,Tuesday,
MIDDLETOWN,GIBSON RD,Tuesday,
MIDDLETOWN,GOLDENROD DR,Monday,
MIDDLETOWN,GOSSET'S TURN DR,Wednesday,
MIDDLETOWN,GRANADA TERR,Tuesday,
MIDDLETOWN,GRAY CRAIG RD,Friday,
MIDDLETOWN,GREEN END AV,CUSTOM,Aquidneck Ave to Indian Ave (Friday) Valley Rd to Aquidneck Ave (Monday) Boulevard to Valley Road (Tuesday)
MIDDLETOWN,GREENE LN,Wednesday,
MIDDLETOWN,GRIFFIN RD,Monday,
MIDDLETOWN,GUNNING CT,Thursday,
MIDDLETOWN,GUTHRIE ST,Tuesday,
MIDDLETOWN,HALSEY AV,Tuesday,
MIDDLETOWN,HARBORVIEW CT,Tuesday,
MIDDLETOWN,HAROLD'S LN,Thursday,
MIDDLETOWN,HART ST,Tuesday,
MIDDLETOWN,HARVEST RD,Wednesday,
MIDDLETOWN,HARVEY RD,Monday,
MIDDLETOWN,HAYMAKER RD,Monday,
MIDDLETOWN,HELENA CT,Friday,
MIDDLETOWN,HEMLOCK ST,Friday,
MIDDLETOWN,HICKORY AV,Friday,
MIDDLETOWN,HIGH MEADOW CT,Wednesday,
MIDDLETOWN,HIGH ST,Tuesday,
MIDDLETOWN,HILLSIDE AV,Thursday,
MIDDLETOWN,HILLTOP AV,Tuesday,
MIDDLETOWN,HOMESTEAD PL,Monday,
MIDDLETOWN,HONEYMAN AV,Monday,
MIDDLETOWN,HOOVER RD,Thursday,
MIDDLETOWN,HOPPIN RD,Tuesday,
MIDDLETOWN,HOWLAND AV,Friday,
MIDDLETOWN,HUNT LN,Friday,
MIDDLETOWN,ICHABOD LN,Tuesday,
MIDDLETOWN,INDIAN AV,Friday,
MIDDLETOWN,INDIAN HILL CIR,Friday,
MIDDLETOWN,INDIAN HILL RD,Friday,
MIDDLETOWN,INDIAN TERR,Friday,
MIDDLETOWN,ISLAND DR,Monday,
MIDDLETOWN,J H DWYER DR,Wednesday,
MIDDLETOWN,JAMES FRANCIS TERR,Wednesday,
MIDDLETOWN,JAMES ST,Thursday,
MIDDLETOWN,JEAN ST,Wednesday,
MIDDLETOWN,JEAN TERR,Wednesday,
MIDDLETOWN,JEPSON LN,Wednesday,
MIDDLETOWN,JIB CT,Monday,
MIDDLETOWN,JOHN KESSON LN,Wednesday,
MIDDLETOWN,JOHNSON TERR,Monday,
MIDDLETOWN,JUDE ST,Monday,
MIDDLETOWN,JUDITH CT,Wednesday,
MIDDLETOWN,JULIA CT,Monday,
MIDDLETOWN,KANE AV,Thursday,
MIDDLETOWN,KAY BLVD,Tuesday,
MIDDLETOWN,KENT RD,Thursday,
MIDDLETOWN,KING RD,Tuesday,
MIDDLETOWN,LAURA RD,Wednesday,
MIDDLETOWN,LAWTON CT,Monday,
MIDDLETOWN,LEWIS DR,Friday,
MIDDLETOWN,LIGHTHOUSE VIEW DR,Thursday,
MIDDLETOWN,LINDEN ST,Tuesday,
MIDDLETOWN,LITTLE CREEK LN,Friday,
MIDDLETOWN,LIVINGSTON PL,Tuesday,
MIDDLETOWN,LOCKWOOD LN,Monday,
MIDDLETOWN,LONGMEADOW AV,Monday,
MIDDLETOWN,LORING ST,Thursday,
MIDDLETOWN,LUDLOW RD,Monday,
MIDDLETOWN,MAIDFORD RIVER RD,Thursday,
MIDDLETOWN,MALONEY LN,Thursday,
MIDDLETOWN,MAPLE AV,Tuesday,
MIDDLETOWN,MAPLE TERR,Tuesday,
MIDDLETOWN,MAPLEWOOD RD,Monday,
MIDDLETOWN,MARSHALL LN,Wednesday,
MIDDLETOWN,MASSACHUSETTS AV,Tuesday,
MIDDLETOWN,MAST CT,Monday,
MIDDLETOWN,MEADOW LN,Monday,
MIDDLETOWN,MIANTONOMI AV,Tuesday,
MIDDLETOWN,MILLER ST,Friday,
MIDDLETOWN,MITCHELL'S LN,Friday,
MIDDLETOWN,MIXTER ST,Tuesday,
MIDDLETOWN,MORRISON AV,Thursday,
MIDDLETOWN,MOY CT,Wednesday,
MIDDLETOWN,MURPHY CIR,Wednesday,
MIDDLETOWN,NAKOMIS RD,Wednesday,
MIDDLETOWN,NAMQUID DR,Wednesday,
MIDDLETOWN,NEWMAN RD,Thursday,
MIDDLETOWN,NEWPORT AV,Thursday,
MIDDLETOWN,NICHOLSON CRESCENT ST,Tuesday,
MIDDLETOWN,NORTH DR,Monday,
MIDDLETOWN,OAK FOREST DR,Wednesday,
MIDDLETOWN,OAK ST,Tuesday,
MIDDLETOWN,OAKVIEW TERR,Monday,
MIDDLETOWN,OAKWOOD RD,Monday,
MIDDLETOWN,OCEAN VIEW DR,Thursday,
MIDDLETOWN,ODONNELL RD,Thursday,
MIDDLETOWN,OLD FARM WY,Wednesday,
MIDDLETOWN,OLD MILL LN,Friday,
MIDDLETOWN,OLIPHANT LN,Wednesday,
MIDDLETOWN,OLIVE WY,Wednesday,
MIDDLETOWN,ORCHARD AV,Thursday,
MIDDLETOWN,ORVILLE DR,Wednesday,
MIDDLETOWN,OSAGE DR,Wednesday,
MIDDLETOWN,OSPREY CT,Monday,
MIDDLETOWN,PADDOCK LN,Monday,
MIDDLETOWN,PAQUIN PL,Tuesday,
MIDDLETOWN,PARADISE AV,Friday,
MIDDLETOWN,PARADISE BROOK FARM RD,Thursday,
MIDDLETOWN,PARADISE CT,Friday,
MIDDLETOWN,PARK DR,Monday,
MIDDLETOWN,PASTURE FARM DR,Wednesday,
MIDDLETOWN,PAUL AV,Tuesday,
MIDDLETOWN,PEACE ST,Tuesday,
MIDDLETOWN,PECKHAM AV,Friday,
MIDDLETOWN,PECKHAM LN,Friday,
MIDDLETOWN,PEQUOT LN,Wednesday,
MIDDLETOWN,PERRY AV,Thursday,
MIDDLETOWN,PHELPS RD,Tuesday,
MIDDLETOWN,PHILLIPS AV,Wednesday,
MIDDLETOWN,PIPPIN RD,Friday,
MIDDLETOWN,PLYMOUTH AV,Monday,
MIDDLETOWN,POCAHONTAS DR,Wednesday,
MIDDLETOWN,POCONO RD,Wednesday,
MIDDLETOWN,PORTER RD,Friday,
MIDDLETOWN,PROSPECT AV,Thursday,
MIDDLETOWN,PURGATORY LN,Thursday,
MIDDLETOWN,PURGATORY RD,Thursday,
MIDDLETOWN,RACE ST,Tuesday,
MIDDLETOWN,REARDON DR,Monday,
MIDDLETOWN,REGO RD,Monday,
MIDDLETOWN,RENFREW AV,Thursday,
MIDDLETOWN,RENFREW PK,Thursday,
MIDDLETOWN,RESERVOIR RD,Thursday,
MIDDLETOWN,RESTMERE TERR,Tuesday,
MIDDLETOWN,RIDGEWOOD RD,Monday,
MIDDLETOWN,RIVER RUN RD,Thursday,
MIDDLETOWN,RIVERVIEW AV,Friday,
MIDDLETOWN,ROCKWOOD RD,Monday,
MIDDLETOWN,ROOSTER'S WY,Wednesday,
MIDDLETOWN,ROSA RD,Tuesday,
MIDDLETOWN,ROSEART TERR,Wednesday,
MIDDLETOWN,ROSEDALE AV,Tuesday,
MIDDLETOWN,ROSEDALE CT,Tuesday,
MIDDLETOWN,ROSEDALE TERR,Tuesday,
MIDDLETOWN,ROY AV,Wednesday,
MIDDLETOWN,RUSSETT RD,Friday,
MIDDLETOWN,RUTH ST,Wednesday,
MIDDLETOWN,SACHUEST DR,Friday,
MIDDLETOWN,SACHUEST WY,Friday,
MIDDLETOWN,SAIL CT,Monday,
MIDDLETOWN,SAKONNET TERR,Friday,
MIDDLETOWN,SAMSON LN,Wednesday,
MIDDLETOWN,SANDERLING WY,Monday,
MIDDLETOWN,SEABOARD CT,Tuesday,
MIDDLETOWN,SEASCAPE AV,Thursday,
MIDDLETOWN,SERENITY DR,Thursday,
MIDDLETOWN,SHANGRI-LA LN,Tuesday,
MIDDLETOWN,SHAW CT,Tuesday,
MIDDLETOWN,SHERMAN LN,Tuesday,
MIDDLETOWN,SHERRI LN,Tuesday,
MIDDLETOWN,SHERWOOD RD,Tuesday,
MIDDLETOWN,SHORE DR,Thursday,
MIDDLETOWN,SILVEIRA DR,Friday,
MIDDLETOWN,SIMMONS TERR,Tuesday,
MIDDLETOWN,SMITHFIELD DR,Monday,
MIDDLETOWN,SMYTHE ST,Tuesday,
MIDDLETOWN,S ACACIA DR,Tuesday,
MIDDLETOWN,SOUTH DR,Monday,
MIDDLETOWN,SPINNAKER CT,Monday,
MIDDLETOWN,SPRUCE AV,Friday,
MIDDLETOWN,SQUANTUM CT,Wednesday,
MIDDLETOWN,SQUANTUM DR,Wednesday,
MIDDLETOWN,ST GEORGE AV,Thursday,
MIDDLETOWN,STIMPSON ST,Thursday,
MIDDLETOWN,STOCKTON DR,Tuesday,
MIDDLETOWN,SUMMERFIELD LN,Friday,
MIDDLETOWN,SUNDOWN LN,Monday,
MIDDLETOWN,SUNRISE TERR,Monday,
MIDDLETOWN,SUNSET HILL RD,Thursday,
MIDDLETOWN,SUNSET LAWN RD,Tuesday,
MIDDLETOWN,SWAN DR,Wednesday,
MIDDLETOWN,TALLY HO CT,Friday,
MIDDLETOWN,THIRD BEACH RD,Friday,
MIDDLETOWN,TONI LYNN TERR,Thursday,
MIDDLETOWN,TRIMBLE RD,Monday,
MIDDLETOWN,TROUT DR,Friday,
MIDDLETOWN,TUCKERMAN AV,Thursday,
MIDDLETOWN,TUCKERMAN TERR,Thursday,
MIDDLETOWN,TURNER RD,Monday,
MIDDLETOWN,UNDERWOOD LN,Tuesday,
MIDDLETOWN,UNITY DR,Wednesday,
MIDDLETOWN,VALLEY RD,Monday,
MIDDLETOWN,VANICEK AV,Wednesday,
MIDDLETOWN,VAUCLUSE AV,Friday,
MIDDLETOWN,VERNON AV,Tuesday,
MIDDLETOWN,VIERRA TERR,Monday,
MIDDLETOWN,VIEW AV,Thursday,
MIDDLETOWN,VILLAGE LN,Tuesday,
MIDDLETOWN,VINCENT ST,Tuesday,
MIDDLETOWN,WABASSO TERR,Monday,
MIDDLETOWN,WAPPING RD,Friday,
MIDDLETOWN,WARD AV,Monday,
MIDDLETOWN,WARD ST,Monday,
MIDDLETOWN,WARREN AV,Thursday,
MIDDLETOWN,WAVE AV,Thursday,
MIDDLETOWN,WAYSIDE AV,Thursday,
MIDDLETOWN,WEDGEWOOD DR,Monday,
MIDDLETOWN,WEETAMOE RD,Wednesday,
MIDDLETOWN,W MAIN RD,CUSTOM,East Main Rd to Valley (Monday) Newport line to East Main Road (Tuesday) Valley Road to Portsmouth line (Wednesday)
MIDDLETOWN,W VIEW RD,Wednesday,
MIDDLETOWN,WHITE TERR,Thursday,
MIDDLETOWN,WILLIAM DR,Monday,
MIDDLETOWN,WILLOW AV,Tuesday,
MIDDLETOWN,WILSON RD,Monday,
MIDDLETOWN,WINDEMERE TERR,Thursday,
MIDDLETOWN,WINFIELD CT,Wednesday,
MIDDLETOWN,WINTERGREEN DR,Monday,
MIDDLETOWN,WINTHROP DR,Monday,
MIDDLETOWN,WOLCOTT AV,Thursday,
MIDDLETOWN,WOOD RD,Monday,
MIDDLETOWN,WOOD TERR,Monday,
MIDDLETOWN,WOOLSEY RD,Monday,
MIDDLETOWN,WYATT RD,Friday,
MIDDLETOWN,WYNDHAM HILL RD,Friday,
MIDDLETOWN,YARNELL AV,Tuesday,
NEWPORT,ALMY WHARF,Monday,
NEWPORT,AMERICAS CUP AV,Monday,
NEWPORT,ANN ST,Monday,
NEWPORT,ANN ST PIER,Monday,
NEWPORT,BACHELLER,Monday,
NEWPORT,BAKERS CT,Monday,
NEWPORT,BATTERY ST,Monday,
NEWPORT,BAYSIDE AV,Monday,
NEWPORT,BOWENS WHARF,Monday,
NEWPORT,BRAMAN ST,Monday,
NEWPORT,BREWER ST,Monday,
NEWPORT,BRICK MARKET PL,Monday,
NEWPORT,BRIDGE ST,Monday,
NEWPORT,BROWN & HOWARD WHARF,Monday,
NEWPORT,BYRNES CT,Monday,
NEWPORT,CAREY ST,Monday,
NEWPORT,CHASE ST,Monday,
NEWPORT,CHERRY ST,Monday,
NEWPORT,CHESTNUT ST,Monday,
NEWPORT,CHURCH ST,Monday,
NEWPORT,CLARK ST,Monday,
NEWPORT,CODDINGTON WHARF,Monday,
NEWPORT,COMMERCIAL WHARF,Monday,
NEWPORT,CORNE,Monday,
NEWPORT,COTTON CT,Monday,
NEWPORT,COTTRELLS WHARF,Monday,
NEWPORT,COZZENS CT,Monday,
NEWPORT,CROSS ST,Monday,
NEWPORT,CYPRESS ST,Monday,
NEWPORT,DEAN AV,Monday,
NEWPORT,DEARBORN ST,Monday,
NEWPORT,DENNISON ST,Monday,
NEWPORT,DIVISION ST,Monday,
NEWPORT,DIXON ST,Monday,
NEWPORT,DYRE GATE,Monday,
NEWPORT,EAST ST,Monday,
NEWPORT,ELM ST,Monday,
NEWPORT,EXTENSION ST,Monday,
NEWPORT,FAIR ST,Monday,
NEWPORT,FRANK ST,Monday,
NEWPORT,FRANKLIN ST,Monday,
NEWPORT,GIDLEY ST,Monday,
NEWPORT,GLADDING CT,Monday,
NEWPORT,GOODWIN,Monday,
NEWPORT,GREEN PL,Monday,
NEWPORT,GREEN ST,Monday,
NEWPORT,GUERNEY CT,Monday,
NEWPORT,HAMETTS WHARF,Monday,
NEWPORT,HAMMON ST,Monday,
NEWPORT,HARRINGTON ST,Monday,
NEWPORT,HIGH ST,Monday,
NEWPORT,HOLLAND AV,Monday,
NEWPORT,HOWARD ST,Monday,
NEWPORT,HUNT CT,Monday,
NEWPORT,INTERSTATE WHARF,Monday,
NEWPORT,JESTINGS WHARF,Monday,
NEWPORT,JOHN ST,Monday,
NEWPORT,KATZMAN PLACE,Monday,
NEWPORT,LA SALLE PL,Monday,
NEWPORT,LEE AV,Monday,
NEWPORT,LEES WHARF,Monday,
NEWPORT,LONG WHARF,Monday,
NEWPORT,MADISON CT,Monday,
NEWPORT,MAITLAND CT,Monday,
NEWPORT,MARSH,Monday,
NEWPORT,MARTIN,Monday,
NEWPORT,MARY ST,Monday,
NEWPORT,MAYBERRY CT,Monday,
NEWPORT,MCALLISTER ST,Monday,
NEWPORT,MILBURN CT,Monday,
NEWPORT,MILL ST,Monday,
NEWPORT,NARRAGANSETT AV,Monday,
NEWPORT,NEWCOMB WHARF,Monday,
NEWPORT,NEWTON CT,Monday,
NEWPORT,OSBOURN CT,Monday,
NEWPORT,PELHAM ST,Monday,
NEWPORT,PERRY MILL WHARF,Monday,
NEWPORT,PINE ST,Monday,
NEWPORT,POPE ST,Monday,
NEWPORT,POPULAR ST,Monday,
NEWPORT,PROSPECT HILL,Monday,
NEWPORT,PROSPECT HILL RD,Monday,
NEWPORT,RICHMOND ST,Monday,
NEWPORT,SAYERS WHARF,Monday,
NEWPORT,SCHOOL ST,Monday,
NEWPORT,SCOTTS WHARF,Monday,
NEWPORT,SECOND ST,Monday,
NEWPORT,SO BAPTIST ST,Monday,
NEWPORT,SPRING ST,Monday,
NEWPORT,SPRING WHARF,Monday,
NEWPORT,STODDARD CT,Monday,
NEWPORT,SUNSHINE CT,Monday,
NEWPORT,SYCAMORE ST,Monday,
NEWPORT,TAYLOR CT,Monday,
NEWPORT,THAMES ST,Monday,
NEWPORT,THIRD ST,Monday,
NEWPORT,UNDERWOOD CT,Monday,
NEWPORT,W EXTENSION ST,Monday,
NEWPORT,WALNUT ST,Monday,
NEWPORT,WALTER WHARF,Monday,
NEWPORT,WASHINGTON ST,Monday,
NEWPORT,WEST HOWARD,Monday,
NEWPORT,WEST MARBOROUGH,Monday,
NEWPORT,WEST PELHAM,Monday,
NEWPORT,WEST ST,Monday,
NEWPORT,WILLOW ST,Monday,
NEWPORT,YOUNG ST,Monday,
NEWPORT,ABLE,Tuesday,
NEWPORT,ADMIRAL KALBFUS RD,Tuesday,
NEWPORT,ALBRO,Tuesday,
NEWPORT,APPLEBY ST,Tuesday,
NEWPORT,APRHORP AV,Tuesday,
NEWPORT,ARMSTRONG PL,Tuesday,
NEWPORT,ARNOLD AV,Tuesday,
NEWPORT,BAYVIEW AV,Tuesday,
NEWPORT,BEACON,Tuesday,
NEWPORT,BEACON CT,Tuesday,
NEWPORT,BEDLOW AV,Tuesday,
NEWPORT,BEDLOW PL,Tuesday,
NEWPORT,BLACKWELL PL,Tuesday,